id;codigo;producto;garantia;precio_publico;precio_gremio;stock;image_url;created_at;updated_at;created_by;precio_total;categoria;sub_categoria;Es_Nuevo?
ff0c373a-6309-407e-940b-65ec1b4887c6;HW-20251201-182744-3050003;ADAPTADOR BLUETOOTH 5,0 UB500 PLUS  TPLINK;180;11791.61;9826.36;1;http://190.183.223.6/gold/images/varios/UB500PLUS.jpg;2025-12-01 21:27:44.336587+00;2025-12-04 17:59:40.772986+00;;11301;Conectividad / Redes;Adaptadores Bluetooth;NO
c84b9e75-845f-43ec-b4ca-9b77947a3b29;HW-20251201-182744-8610002;ADAPTADOR BLUETOOTH 5,3 MA530 MERCUSYS;180;6657.04;5547.49;1;http://190.183.223.6/gold/images/varios/MA530.jpg;2025-12-01 21:27:44.336587+00;2025-12-04 17:59:40.772986+00;;6380;Conectividad / Redes;Adaptadores Bluetooth;NO
42b842f8-5232-4be0-89c0-73db6ca8b4fa;HW-20251201-182744-1740001;ADAPTADOR DVI (MACHO) A HDMI (HEMBRA);0;6173.85;5144.85;1;http://190.183.223.6/gold/images/varios/DVIHDMI.jpg;2025-12-01 21:27:44.336587+00;2025-12-04 17:59:40.772986+00;;5917;Accesorios / Otros;Cables / Accesorios varios;NO
5fc2e615-2e8b-40aa-9dc8-c491299956c3;HW-20251201-182744-6900000;ADAPTADOR PAD NUMERICO GENIUS USB 110;180;18533.61;15444.70;1;https://www.geniusnet.com/upload/es/common/PIC_2024123008_0ed916376.webp;2025-12-01 21:27:44.336587+00;2025-12-04 17:59:40.772986+00;;17762;Accesorios / Otros;Cables / Accesorios varios;NO
0ceed603-4b52-47b5-83ea-0386dcc4a9a1;HW-20251201-182744-8630004;ADAPTADOR USB-C A HDMI 4K 60MHZ   TPLINK;180;29529.65;24608.09;1;https://static.tp-link.com/upload/image-line/UA520C_UN_1.0_overview_01_normal_20241015064352y.jpg;2025-12-01 21:27:44.336587+00;2025-12-04 17:59:40.772986+00;;28300;Accesorios / Otros;Cables / Accesorios varios;NO
b09a4442-b270-446e-ad55-3f613e518817;HW-20251201-182744-7190011;AURICULAR   GENIUS   HS-M300 microfono manos libres  VARIOS COLORES;15;15043.54;12536.31;1;http://190.183.223.6/gold/images/HS-m300.jpg;2025-12-01 21:27:44.336587+00;2025-12-04 17:59:40.772986+00;;14417;Periféricos;auriculares;NO
a8af1cb6-03e1-4f4d-981f-dee8565780dc;HW-20251201-182744-4020015;AURICULAR  CON MICROFONO  NOGANET NG-55VL 1 jack;15;18187.28;15156.14;1;http://190.183.223.6/gold/images/varios/NG-55VL.jpg;2025-12-01 21:27:44.336587+00;2025-12-04 17:59:40.772986+00;;17430;Periféricos;auriculares;NO
c348dcdc-1e9a-42a8-94bf-7ce2a505fe05;HW-20251201-182744-2100012;AURICULAR  CON MICROFONO  NOGANET X-2670BL 1 jack;15;18187.28;15156.14;1;http://190.183.223.6/gold/images/varios/X-2670BL.jpg;2025-12-01 21:27:44.336587+00;2025-12-04 17:59:40.772986+00;;17430;Periféricos;auriculares;NO
35d86101-f154-45de-971b-e6da31cf57ae;HW-20251201-182744-9790013;AURICULAR  CON MICROFONO  NOGANET X-2670RJ 1 jack;15;18187.28;15156.14;1;http://190.183.223.6/gold/images/varios/X-2670RJ.jpg;2025-12-01 21:27:44.336587+00;2025-12-04 17:59:40.772986+00;;17430;Periféricos;auriculares;NO
25c364de-e5e0-48d6-bfcb-8c5bf7b76d72;HW-20251201-182744-9550014;AURICULAR  CON MICROFONO  NOGANET X-2670RS 1 jack;15;18187.28;15156.14;1;http://190.183.223.6/gold/images/varios/X-2670RS.jpg;2025-12-01 21:27:44.336587+00;2025-12-04 17:59:40.772986+00;;17430;Periféricos;auriculares;NO
52e493bd-0f3f-4f71-920a-0ad74be202d3;HW-20251201-182744-0620010;AURICULAR PLEGABLES  HEADSET GENIUS BLUETOOTH HS-810BT BLACK;30;40087.34;33406.19;1;http://190.183.223.6/gold/images/varios/HS-810BT.jpg;2025-12-01 21:27:44.336587+00;2025-12-04 17:59:40.772986+00;;38418;Periféricos;auriculares;NO
afd895ac-7ff1-4415-a475-6560fe9de0cd;HW-20251201-182744-1910005;AURICULAR Y MICROFONO  GENIUS  HS-300N;15;16246.44;13538.70;1;http://190.183.223.6/gold/images/varios/HS-300N.jpg;2025-12-01 21:27:44.336587+00;2025-12-04 17:59:40.772986+00;;15570;Periféricos;Auriculares;NO
601a54ea-737b-4823-a183-19f5fb927b1f;HW-20251201-182744-8070009;AURICULAR Y MICROFONO  GENIUS  HS-GX580U RGB LED USB;30;39481.70;32901.39;1;http://190.183.223.6/gold/images/varios/HS-GX580U.jpg;2025-12-01 21:27:44.336587+00;2025-12-04 17:59:40.772986+00;;37837;Periféricos;auriculares;NO
cea8bbb7-002b-4c0d-9f29-8c952cb8be54;HW-20251201-182744-7500007;AURICULAR Y MICROFONO  GENIUS  HS-M200C SINGLE JACK;15;9328.62;7773.80;1;http://190.183.223.6/gold/images/varios/HS-m200C.jpg;2025-12-01 21:27:44.336587+00;2025-12-04 17:59:40.772986+00;;8940;Periféricos;Auriculares;NO
2dc8a452-4c3d-4733-a8b3-025db0b52a8f;HW-20251201-182744-7440008;AURICULAR Y MICROFONO  HEADSET HS-100U USB;15;21906.23;18255.20;1;http://190.183.223.6/gold/images/varios/HS-100U.jpg;2025-12-01 21:27:44.336587+00;2025-12-04 17:59:40.772986+00;;20994;Periféricos;auriculares;NO
ac24b014-263d-4d49-8e99-28dbb326f843;HW-20251201-182744-3500006;AURICULAR Y MICROFONO  NEW GENIUS  HS-04SU;15;29861.43;24884.45;1;http://190.183.223.6/gold/images/varios/HS04US.jpg;2025-12-01 21:27:44.336587+00;2025-12-04 17:59:40.772986+00;;28618;Periféricos;Auriculares;NO
dde675e3-5c7d-4ca1-a5c2-baac2af11042;HW-20251201-182744-6910018;BASE COOLER TRUST AZUL STAND NOTEBOOK;30;58539.52;48782.98;1;https://d1gb7gicmr8iau.cloudfront.net/fit-in/1200x900/Media/Images/Product/Visual/20104_pictures_product_visual_1.png;2025-12-01 21:27:44.336587+00;2025-12-04 17:59:40.772986+00;;56101;Componentes;Refrigeración;NO
8ffc8a0a-0462-4ff1-b5c9-d168d51d2ea2;HW-20251201-182744-5620017;BASE COOLER TRUST KUZO STAND NOTEBOOK GXT 220;30;47900.83;39917.26;1;https://http2.mlstatic.com/D_NQ_NP_2X_824855-MLA96663164749_102025-F.webp;2025-12-01 21:27:44.336587+00;2025-12-04 17:59:40.772986+00;;45905;Componentes;Refrigeración;NO
2fd54e34-c5ad-4f01-a367-bca161f8b986;HW-20251201-182744-1460016;BATERIA 12V 7,0A UPS/ ALARMA   TRV;0;53167.40;44306.09;1;http://190.183.223.6/gold/images/varios/probatery7a.jpg;2025-12-01 21:27:44.336587+00;2025-12-04 17:59:40.772986+00;;50953;Accesorios / Otros;UPS / Protectores;NO
70e14ff2-b9c6-4798-abe4-efc67561c176;HW-20251201-182744-9750021;BOBINA CABLE EXTERIOR KELYX UTP X 300 MTS   CAT 5E;15;153965.89;128304.83;1;http://190.183.223.6/gold/images/cable/cablered.jpg;2025-12-01 21:27:44.336587+00;2025-12-04 17:59:40.772986+00;;147551;Conectividad / Redes;Cables y adaptadores varios;NO
03fbed43-eb6f-45e0-acfc-d50bb27db022;HW-20251201-182744-2550019;BOBINA CABLE INTERIOR  KELYX UTP  X 305 MTS;15;114321.02;95267.47;1;http://190.183.223.6/gold/images/cable/bobinakelyx.jpg;2025-12-01 21:27:44.336587+00;2025-12-04 17:59:40.772986+00;;109558;Conectividad / Redes;Cables y adaptadores varios;NO
bf71511b-6ffd-45fc-95cb-3c0d53c6ad71;HW-20251201-182744-5280020;BOBINA CABLE SFX INTERIOR  UTP CAT 5E X 300 MTS;15;122028.08;101690.04;1;http://190.183.223.6/gold/images/cable/cableredSFX.jpg;2025-12-01 21:27:44.336587+00;2025-12-04 17:59:40.772986+00;;116944;Conectividad / Redes;Cables y adaptadores varios;NO
d87f3164-9e96-46b1-9529-3b1005724494;HW-20251201-182744-2500024;CABLE  TYPE-C MAYADO    USB 3.2 a Type C 3A 60W 1mt;15;5969.23;4974.33;1;http://190.183.223.6/gold/images/cable/cabletypec.jpg;2025-12-01 21:27:44.336587+00;2025-12-04 17:59:40.772986+00;;5721;Conectividad / Redes;Cables y adaptadores varios;NO
a32c7c61-02dc-425f-9183-df14b60c76e3;HW-20251201-182744-0010033;CABLE CELL ADATA ANDROID USB a MICRO USB;15;8868.51;7390.43;1;http://190.183.223.6/gold/images/cable/cablecellADATA.jpg;2025-12-01 21:27:44.336587+00;2025-12-04 17:59:40.772986+00;;8499;Conectividad / Redes;Cables y adaptadores varios;NO
1e8a6388-9e83-4b3d-bbfd-21c1205fa727;HW-20251201-182744-9410041;CABLE DISPLAY PORT  1.4 4K a 120Hz / 8K 60Hz 48Gbps 1.5;0;10659.26;8882.62;1;http://190.183.223.6/gold/images/cable/cablesDISPLAYPORT.jpg;2025-12-01 21:27:44.336587+00;2025-12-04 17:59:40.772986+00;;10216;Conectividad / Redes;Cables y adaptadores varios;NO
57086672-d81c-4ce4-a1c0-e2c9bb836870;HW-20251201-182744-8450022;CABLE EXTENSION ANTENA 12 MTS TP-LINK TL-ANT24EC12N  ROSCA N;720;26491.31;22076.02;1;http://190.183.223.6/gold/images/cable/TL-ANT24EC5S.jpg;2025-12-01 21:27:44.336587+00;2025-12-04 17:59:40.772986+00;;25388;Conectividad / Redes;Cables y adaptadores varios;NO
2c2dd4be-b2d3-4a26-8a76-559ae78da875;HW-20251201-182744-3500036;CABLE HDMI  A HDMI 1,5MTS 1,4v  1080P;0;2611.46;2176.19;1;http://190.183.223.6/gold/images/cable/cableshdmi.jpg;2025-12-01 21:27:44.336587+00;2025-12-04 17:59:40.772986+00;;2503;Conectividad / Redes;Cables y adaptadores varios;NO
10fae94b-52ac-4bc9-87d7-e68db9b03cdf;HW-20251201-182744-9380037;CABLE HDMI  A HDMI 1,5MTS 4k;0;3357.63;2798.00;1;http://190.183.223.6/gold/images/cable/cableshdmi.jpg;2025-12-01 21:27:44.336587+00;2025-12-04 17:59:40.772986+00;;3218;Conectividad / Redes;Cables y adaptadores varios;NO
c79f4845-9af8-46c1-aee9-debff75afb51;HW-20251201-182744-0580040;CABLE HDMI  A HDMI 10MTS;0;15402.51;12835.45;1;http://190.183.223.6/gold/images/cable/cableshdmi.jpg;2025-12-01 21:27:44.336587+00;2025-12-04 17:59:40.772986+00;;14761;Conectividad / Redes;Cables y adaptadores varios;NO
66a36fbc-496c-49c1-8ef6-c947834c2e2c;HW-20251201-182744-2740038;CABLE HDMI  A HDMI 3MTS   4k;15;5276.27;4396.92;1;http://190.183.223.6/gold/images/cable/cableshdmi3.jpg;2025-12-01 21:27:44.336587+00;2025-12-04 17:59:40.772986+00;;5057;Conectividad / Redes;Cables y adaptadores varios;NO
59ad38b6-0a4c-4d95-86e9-5ee175c253ce;HW-20251201-182744-1480039;CABLE HDMI  A HDMI 5MTS 4k;15;6528.71;5440.62;1;http://190.183.223.6/gold/images/cable/cableshdmi.jpg;2025-12-01 21:27:44.336587+00;2025-12-04 17:59:40.772986+00;;6257;Conectividad / Redes;Cables y adaptadores varios;NO
7198a18e-ea1e-4174-88bb-e8da7b052bd7;HW-20251201-182744-1830025;CABLE PATCH CORD 0,6MTS CAT 5;15;6258.23;5215.27;1;http://190.183.223.6/gold/images/red/patch05.jpg;2025-12-01 21:27:44.336587+00;2025-12-04 17:59:40.772986+00;;5998;Conectividad / Redes;Cables y adaptadores varios;NO
a0b8f733-0d13-451e-9464-5f66c2a4e16f;HW-20251201-182744-8490029;CABLE PATCH CORD 10MTS CAT 5E;15;18964.47;15803.82;1;http://190.183.223.6/gold/images/red/patch05.jpg;2025-12-01 21:27:44.336587+00;2025-12-04 17:59:40.772986+00;;18175;Conectividad / Redes;Cables y adaptadores varios;NO
46693fba-3437-49cb-952b-a9018b4a56af;HW-20251201-182744-6330030;CABLE PATCH CORD 15MTS CAT 5E;15;24383.04;20319.08;1;http://190.183.223.6/gold/images/red/patch05.jpg;2025-12-01 21:27:44.336587+00;2025-12-04 17:59:40.772986+00;;23367;Conectividad / Redes;Cables y adaptadores varios;NO
6d5cd503-a1f2-41ea-aab2-55d866c5c5c9;HW-20251201-182744-6590031;CABLE PATCH CORD 20MTS CAT 5E;15;32510.67;27092.25;1;http://190.183.223.6/gold/images/red/patch05.jpg;2025-12-01 21:27:44.336587+00;2025-12-04 17:59:40.772986+00;;31157;Conectividad / Redes;Cables y adaptadores varios;NO
244ec7f5-3652-4f92-8fd5-74d6309eac72;HW-20251201-182744-0500026;CABLE PATCH CORD 2MTS CAT 5;15;6773.03;5644.21;1;http://190.183.223.6/gold/images/red/patch05.jpg;2025-12-01 21:27:44.336587+00;2025-12-04 17:59:40.772986+00;;6491;Conectividad / Redes;Cables y adaptadores varios;NO
cd667edf-3294-4f1c-9252-1eb1c770bbe1;HW-20251201-182744-5980027;CABLE PATCH CORD 3MTS CAT 5;15;9753.16;8127.63;1;http://190.183.223.6/gold/images/red/patch05.jpg;2025-12-01 21:27:44.336587+00;2025-12-04 17:59:40.772986+00;;9347;Conectividad / Redes;Cables y adaptadores varios;NO
d413327a-d752-4abe-964a-681f906054eb;HW-20251201-182744-1820028;CABLE PATCH CORD 5MTS CAT 5E;15;12733.29;10611.05;1;http://190.183.223.6/gold/images/red/patch05.jpg;2025-12-01 21:27:44.336587+00;2025-12-04 17:59:40.772986+00;;12203;Conectividad / Redes;Cables y adaptadores varios;NO
903a2302-ce4f-4439-af7c-c6aec374c540;HW-20251201-182744-6380023;CABLE PLANO MAYADO ANDROID USB a MICRO USB 1metro;15;3117.87;2598.23;1;http://190.183.223.6/gold/images/cable/cablecellPlano.jpg;2025-12-01 21:27:44.336587+00;2025-12-04 17:59:40.772986+00;;2988;Conectividad / Redes;Cables y adaptadores varios;NO
a74ae261-f101-4033-85b2-6c84208a11c2;HW-20251201-182744-6030032;CABLE POWER  220V;15;5458.26;4548.62;1;http://190.183.223.6/gold/images/cable/cable220.jpg;2025-12-01 21:27:44.336587+00;2025-12-04 17:59:40.772986+00;;5231;Conectividad / Redes;Cables y adaptadores varios;NO
3be1450e-e16b-418e-9414-96f48148fa81;HW-20251201-182744-4980042;CABLE POWER  220V TREBOL NOTEBOOK;15;6928.55;5773.72;1;http://190.183.223.6/gold/images/cable/cable220trebol.jpg;2025-12-01 21:27:44.336587+00;2025-12-04 17:59:40.772986+00;;6640;Conectividad / Redes;Cables y adaptadores varios;NO
6b3ee344-4257-4b5a-a2b8-51637e3d6be0;HW-20251201-182744-1070034;CABLE SATA  DATOS 50 cm;15;2252.04;1876.75;1;http://190.183.223.6/gold/images/cable/cablesatat.jpg;2025-12-01 21:27:44.336587+00;2025-12-04 17:59:40.772986+00;;2159;Conectividad / Redes;Cables y adaptadores varios;NO
11faa08e-c714-477f-ac73-02485ce45a13;HW-20251201-182744-2000035;CABLE SATA  POWER  SIMPLE 16 cm;15;5271.42;4392.80;1;http://190.183.223.6/gold/images/cable/cablesataP.jpg;2025-12-01 21:27:44.336587+00;2025-12-04 17:59:40.772986+00;;5052;Conectividad / Redes;Cables y adaptadores varios;NO
a0d83fa8-5df9-4477-9b2a-2830c577ebe2;HW-20251201-182744-6890047;CABLE USB 2.0  1.55MTS  PARA IMPRESORA A-B;15;5915.87;4929.94;1;http://190.183.223.6/gold/images/cable/cableusb.jpg;2025-12-01 21:27:44.336587+00;2025-12-04 17:59:40.772986+00;;5670;Conectividad / Redes;Cables y adaptadores varios;NO
b09f7a0a-0a91-426e-87a8-309468491042;HW-20251201-182744-0370045;CABLE USB 3.0  3 MTS MACHO  A - A;15;15653.88;13044.93;1;https://http2.mlstatic.com/D_NQ_NP_2X_866832-MLA78534548692_082024-F.webp;2025-12-01 21:27:44.336587+00;2025-12-04 17:59:40.772986+00;;15002;Conectividad / Redes;Cables y adaptadores varios;NO
94170516-02c8-4e64-9e83-dc737cfd1911;HW-20251201-182744-4650044;CABLE UTP CAT5E X MTS EXTERIOR 0000;15;635.04;529.20;1;http://190.183.223.6/gold/images/cable/cablered.jpg;2025-12-01 21:27:44.336587+00;2025-12-04 17:59:40.772986+00;;609;Conectividad / Redes;Cables y adaptadores varios;NO
5cf719f5-e305-4c63-890f-a74c2387f0ae;HW-20251201-182744-7900043;CABLE UTP CAT5E X MTS INTERIOR  000;15;499.65;416.30;1;http://190.183.223.6/gold/images/cable/cablered.jpg;2025-12-01 21:27:44.336587+00;2025-12-04 17:59:40.772986+00;;479;Conectividad / Redes;Cables y adaptadores varios;NO
cf7d987f-e454-4d7e-9f93-62b7c9ed51d0;HW-20251201-182744-6570046;CABLE VGA MACHO/MACHO 2 METROS;15;6662.04;5551.75;1;http://190.183.223.6/gold/images/cable/cablesVgaFMM.jpg;2025-12-01 21:27:44.336587+00;2025-12-04 17:59:40.772986+00;;6385;Conectividad / Redes;Cables y adaptadores varios;NO
dfaeb683-82df-46fb-b880-514602c69466;HW-20251201-182744-9660048;CAMARA IP TAPO C100  Day Night sd Wifi;360;34065.05;28387.61;1;http://190.183.223.6/gold/images/TAPOC100.jpg;2025-12-01 21:27:44.336587+00;2025-12-04 17:59:40.772986+00;;32646;Periféricos;Cámaras Web;NO
50a67d3e-bade-466a-a21f-6ca5521c4d27;HW-20251201-182744-7470049;CAMARA IP TAPO C200  Mov Remoto Day Night SD Wi;360;38861.80;32384.84;1;http://190.183.223.6/gold/images/camara/TAPOC200.jpg;2025-12-01 21:27:44.336587+00;2025-12-04 17:59:40.772986+00;;37243;Periféricos;Cámaras Web;NO
1c0d7667-28bf-49db-a8f7-85405e8a372d;HW-20251201-182744-0970050;CAMARA IP TAPO C510w  Exterior Mov Remoto Day Night SD Wi;360;71417.45;59514.57;1;http://190.183.223.6/gold/images/camara/TAPOC510w.jpg;2025-12-01 21:27:44.336587+00;2025-12-04 17:59:40.772986+00;;68442;Periféricos;Cámaras Web;NO
28718f9e-5746-4017-962d-f215b72ac923;HW-20251201-182744-1000064;CARGADOR  MONITOR LG - 12V 3A  FUENTE;90;35219.88;29349.87;1;http://190.183.223.6/gold/images/varios/CARGADORLG12V.JPG;2025-12-01 21:27:44.336587+00;2025-12-04 17:59:40.772986+00;;33753;Componentes;Fuentes de Alimentación;NO
434c2682-cfaf-4545-b299-dac09a02342d;HW-20251201-182744-8700051;CARGADOR ASUS ASUS 19V 2,37A 4,0X1,35 40W ORIGINAL */*;15;40136.59;33447.20;1;http://190.183.223.6/gold/images/varios/CARGADORNOTEBOOKASUS19V237A4x135.JPG;2025-12-01 21:27:44.336587+00;2025-12-04 17:59:40.772986+00;;38465;Componentes;Fuentes de Alimentación;NO
a815a8d3-4267-4616-9e88-a692b9fb69a1;HW-20251201-182744-1410054;CARGADOR LITEON ACER - 19V 3,42A 3.0×1mm 65W ORIGINAL;15;43129.51;35941.21;1;data:image/jpeg;;;;;;;
16b07065-df88-4403-8b24-418f9e5c4ca8;HW-20251201-182744-5820055;CARGADOR LITEON ACER - 19V 3,42A 5.5×1.7 65W ORIGINAL    PUNTA AMARILLA;15;48156.47;40130.41;1;data:image/jpeg;;;;;;;
f78e7ed1-786d-47b3-afc7-6e1f42c606dc;HW-20251201-182744-5570063;CARGADOR MONITOR SAMSUNG - 14V 2.14A   FUENTE;15;35219.88;29349.87;1;http://190.183.223.6/gold/images/varios/CARGADORSAMS14V.JPG;2025-12-01 21:27:44.336587+00;2025-12-04 17:59:40.772986+00;;33753;Componentes;Fuentes de Alimentación;NO
dbceb6c6-5c2a-4c70-a3bc-cccdc40b6ac9;HW-20251201-182744-8920056;CARGADOR NETBOOK ACER mini - 19V 1.58A ORIGINAL */*;15;43129.51;35941.21;1;data:image/jpeg;;;;;;;
927990b9-5654-4c20-81f5-a3269577a3e2;HW-20251201-182744-2680058;CARGADOR NOTEBOOK DELL  19.5V 3,33A 7.4*5,0MM 65W ORIGINAL */*;15;47809.69;39841.41;1;http://190.183.223.6/gold/images/varios/CARGADORNOTEBOOKDELL195v334a74x5.jpg;2025-12-01 21:27:44.336587+00;2025-12-04 17:59:40.772986+00;;45818;Componentes;Fuentes de Alimentación;NO
a9ea9a04-2631-4b02-b770-1fd8812a8743;HW-20251201-182744-1550057;CARGADOR NOTEBOOK DELL  19V 3,34A 4,5*3,0MM 65W ORIGINAL */*;15;43129.51;35941.21;1;http://190.183.223.6/gold/images/varios/CARGADORNOTEBOOKDELL19v334a45x3.jpg;2025-12-01 21:27:44.336587+00;2025-12-04 17:59:40.772986+00;;41333;Componentes;Fuentes de Alimentación;NO
9ec056c7-9e30-411f-94b9-f1f32127b41b;HW-20251201-182744-2590053;CARGADOR NOTEBOOK HP pin fino azul  - 19.5V 3.32 A 4.×3  65W ORIGINAL */*;15;37804.73;31503.86;1;http://190.183.223.6/gold/images/varios/CARGADORNOTEBOOKHPpinfino-azul.JPG;2025-12-01 21:27:44.336587+00;2025-12-04 17:59:40.772986+00;;36230;Componentes;Fuentes de Alimentación;NO
4b19254f-193a-455d-bce1-eb777fa89bec;HW-20251201-182744-1600061;CARGADOR NOTEBOOK LENOVO - 20V 2.25A ORIGINAL  5.5 x 2.5 */*;15;48156.47;40130.41;1;http://190.183.223.6/gold/images/varios/CARGADORNOTEBOOKLENOVO-20V3-25A55.JPG;2025-12-01 21:27:44.336587+00;2025-12-04 17:59:40.772986+00;;46150;Componentes;Fuentes de Alimentación;NO
78c88c93-8f24-46c1-8629-29f8f42bb630;HW-20251201-182744-8350052;CARGADOR NOTEBOOK TOSHIBA - 19V 3.42A 5.5×2.5 65W ORIGINAL */*;15;33965.23;28304.26;1;http://190.183.223.6/gold/images/varios/CARGADORNOTEBOOKTOSHIBA-19V3-42A.JPG;2025-12-01 21:27:44.336587+00;2025-12-04 17:59:40.772986+00;;32550;Componentes;Fuentes de Alimentación;NO
6c769086-98be-469c-91c5-f9b77d252bdf;HW-20251201-182744-8420062;CARGADOR ULTRABOOK LENOVO - 20V 3.25A  7.0 x 1.7 */ punta fina;15;44036.35;36696.93;1;http://190.183.223.6/gold/images/varios/CARGADORNOTEBOOKLENOVO-20V3-4A17.JPG;2025-12-01 21:27:44.336587+00;2025-12-04 17:59:40.772986+00;;42202;Componentes;Fuentes de Alimentación;NO
40f4c695-325e-4b0c-b464-4c96d4799ace;HW-20251201-182744-0780060;CARGADOR ULTRABOOK LENOVO SQUARE - 20V 4,5A 90W  10.5X4 */;15;48156.47;40130.41;1;http://190.183.223.6/gold/images/varios/CARGADORNOTEBOOKLENOVO-20V3-105X4.JPG;2025-12-01 21:27:44.336587+00;2025-12-04 17:59:40.772986+00;;46150;Componentes;Fuentes de Alimentación;NO
a03637d1-da03-4936-b18d-0c7d7032243e;HW-20251201-182744-2750059;CARGADOR ULTRABOOK LENOVO TYPE C - Adlx65 65w;15;53492.12;44576.72;1;http://190.183.223.6/gold/images/varios/CARGADORNOTEBOOKLENOVOtypec.jpg;2025-12-01 21:27:44.336587+00;2025-12-04 17:59:40.772986+00;;51264;Componentes;Fuentes de Alimentación;NO
c10ca543-a84e-4677-950a-c3a233b16c97;HW-20251201-182744-2600065;"CARRY DISK SATA 3.5"" INTERNO SATA";15;13324.08;11103.35;1;https://http2.mlstatic.com/D_NQ_NP_2X_611590-MLA96208845220_102025-F.webp;2025-12-01 21:27:44.336587+00;2025-12-04 17:59:40.772986+00;;12769;Componentes;Almacenamiento;NO
0ac8f972-ef9e-4f37-8a2c-6bef86572cdd;HW-20251201-182744-0010068;CARRY DISK SSD  HIKSEMI HD  SSD USB 3.2  y  Type C;15;22596.99;18830.85;1;http://190.183.223.6/gold/images/disco/CASEHISEMI.jpg;2025-12-01 21:27:44.336587+00;2025-12-04 17:59:40.772986+00;;21656;Componentes;Almacenamiento;NO
fc1b1b35-4aec-4fa1-8c54-abcd0f87852a;HW-20251201-182744-3840067;CARRY DISK SSD  NETAC HD  SSD USB 3.2    SSD WH12;15;19992.59;16660.54;1;data:image/jpeg;;;;;;;
504cc5ef-8540-4b5e-897f-c278e8ea5196;HW-20251201-182744-5310066;CARRY DISK SSD M.2 HIKSEMI USB 3.2 typeC;15;31524.59;26270.52;1;data:image/jpeg;;;;;;;
a5c3600f-0d7d-4bae-a285-24ac7dbe36cb;HW-20251201-182744-5410093;CARTUCHO  PWT BROTHER BT5001M MAGENTA 250 cm3 P/T300/T500W;0;6662.04;5551.75;1;http://190.183.223.6/gold/images/hp/BT5001M.jpg;2025-12-01 21:27:44.336587+00;2025-12-04 17:59:40.772986+00;;6385;Periféricos;Impresoras/Insumos;NO
92721597-4b07-4898-ac35-6cd9a5a47f35;HW-20251201-182744-8780094;CARTUCHO  PWT BROTHER BT5001Y AMARILLO 250 cm3 P/T300/T500W;0;6662.04;5551.75;1;http://190.183.223.6/gold/images/hp/BT5001Y.jpg;2025-12-01 21:27:44.336587+00;2025-12-04 17:59:40.772986+00;;6385;Periféricos;Impresoras/Insumos;NO
136bb056-5127-443f-bea5-9d9d96350b29;HW-20251201-182744-0000115;CARTUCHO Alternativo T197120 HC NEGRO XP 201  401 211;0;4377.37;3647.81;1;http://190.183.223.6/gold/images/hp/generalepsonPowertec.jpg;2025-12-01 21:27:44.336587+00;2025-12-04 17:59:40.772986+00;;4195;Periféricos;Impresoras/Insumos;NO
5b3f0419-5f4e-43f0-ba62-bf11b5d49b5d;HW-20251201-182744-8680123;CARTUCHO Alternativo T206  NEGRO xp-2101;0;9543.39;7952.85;1;http://190.183.223.6/gold/images/hp/generalepsonPowertec.jpg;2025-12-01 21:27:44.336587+00;2025-12-04 17:59:40.772986+00;;9146;Periféricos;Impresoras/Insumos;NO
ce337b46-2f50-4d1f-a98a-e74ff8bc0db2;HW-20251201-182744-7000116;CARTUCHO Alternativo T297120 HC NEGRO;0;7276.50;6063.75;1;http://190.183.223.6/gold/images/hp/generalepsonPowertec.jpg;2025-12-01 21:27:44.336587+00;2025-12-04 17:59:40.772986+00;;6974;Periféricos;Impresoras/Insumos;NO
b1c93351-e10b-4777-b566-e853366e5653;HW-20251201-182744-6050071;CARTUCHO EPSON L3110 - TINTA. AMARILLO T544420;0;29376.04;24480.06;1;http://190.183.223.6/gold/images/T544420.jpg;2025-12-01 21:27:44.336587+00;2025-12-04 17:59:40.772986+00;;28153;Periféricos;Impresoras/Insumos;NO
0c9c97c5-69f6-44c1-9afc-5775383dc458;HW-20251201-182744-9700072;CARTUCHO EPSON L3110 - TINTA. CYAN T544220;0;29376.04;24480.06;1;http://190.183.223.6/gold/images/T544220.jpg;2025-12-01 21:27:44.336587+00;2025-12-04 17:59:40.772986+00;;28153;Periféricos;Impresoras/Insumos;NO
64a80707-cc6d-4d2e-8549-975b6c44e0f1;HW-20251201-182744-9830070;CARTUCHO EPSON L3110 - TINTA. MAGENTA T544320;0;29525.98;24605.01;1;http://190.183.223.6/gold/images/T544320.jpg;2025-12-01 21:27:44.336587+00;2025-12-04 17:59:40.772986+00;;28296;Periféricos;Impresoras/Insumos;NO
b9e0b41f-6a09-470f-9244-4a6b4f160440;HW-20251201-182744-6020069;CARTUCHO EPSON L3110 - TINTA. NEGRO T544120;0;37706.97;31422.57;1;http://190.183.223.6/gold/images/T544120.jpg;2025-12-01 21:27:44.336587+00;2025-12-04 17:59:40.772986+00;;36136;Periféricos;Impresoras/Insumos;NO
a8674c43-2364-4735-8881-ad01ab098bfb;HW-20251201-182744-2260073;CARTUCHO EPSON L4150/4160 - TINTA. AMARILLO T504420;0;23783.42;19819.42;1;data:image/jpeg;;;;;;;
febfddbc-5d97-418f-b1d8-38db40ca7b40;HW-20251201-182744-8510074;CARTUCHO EPSON L4150/4160 - TINTA. CYAN T504220;0;23783.42;19819.42;1;data:image/jpeg;;;;;;;
e80b768c-c53c-461a-8f2c-83d7380def2a;HW-20251201-182744-7230075;CARTUCHO EPSON L4150/4160 - TINTA. MAGENTA T504320;0;23783.42;19819.42;1;data:image/jpeg;;;;;;;
72a0f1d5-98ea-4be5-a0b9-1280c01b561c;HW-20251201-182744-2260076;CARTUCHO EPSON L4150/4160 - TINTA. NEGRO T504120;0;37680.36;31400.23;1;data:image/jpeg;;;;;;;
3a01b054-8423-44f6-957d-020b0bedd74b;HW-20251201-182744-7420086;CARTUCHO EPSON T0732 CIAN;0;13761.85;11468.21;1;http://190.183.223.6/gold/images/hp/epson732.jpg;2025-12-01 21:27:44.336587+00;2025-12-04 17:59:40.772986+00;;13189;Periféricos;Impresoras/Insumos;NO
a7f346d9-4e69-498a-b4c5-032e9f830b5f;HW-20251201-182744-4770084;CARTUCHO EPSON T0734 AMARILLO;0;13761.85;11468.21;1;http://190.183.223.6/gold/images/hp/epson734.jpg;2025-12-01 21:27:44.336587+00;2025-12-04 17:59:40.772986+00;;13189;Periféricos;Impresoras/Insumos;NO
0c5b996b-7d0f-4daa-82e9-a6d2f0060b37;HW-20251201-182744-9260085;CARTUCHO EPSON T133420-AL AMARILLO T25 TX125 TX420W;0;13761.85;11468.21;1;http://190.183.223.6/gold/images/hp/epson133A.jpg;2025-12-01 21:27:44.336587+00;2025-12-04 17:59:40.772986+00;;13189;Periféricos;Impresoras/Insumos;NO
f97290ca-4834-4e8f-8f20-f9f0fbf9feee;HW-20251201-182744-0960080;CARTUCHO EPSON T664120-AL NEGRO P/L200/210;0;28858.45;24048.61;1;http://190.183.223.6/gold/images/hp/T664120-AL.jpg;2025-12-01 21:27:44.336587+00;2025-12-04 17:59:40.772986+00;;27656;Periféricos;Impresoras/Insumos;NO
895b5692-d5fa-4611-8d95-f1101394dcdc;HW-20251201-182744-3570077;CARTUCHO EPSON T664220-AL CYAN P/L200 210;0;27242.33;22701.95;1;http://190.183.223.6/gold/images/hp/T664220-AL.jpg;2025-12-01 21:27:44.336587+00;2025-12-04 17:59:40.772986+00;;26108;Periféricos;Impresoras/Insumos;NO
7b2a69e4-0ec8-42ab-a151-5bc273db489d;HW-20251201-182744-7040078;CARTUCHO EPSON T664320-AL MAGENTA P/L200 210;0;27242.33;22701.95;1;http://190.183.223.6/gold/images/hp/T664320-AL.jpg;2025-12-01 21:27:44.336587+00;2025-12-04 17:59:40.772986+00;;26108;Periféricos;Impresoras/Insumos;NO
19ee22ba-87f6-4795-94f5-084704fc04e0;HW-20251201-182744-1500079;CARTUCHO EPSON T664420-AL AMARILLO P/L200 210 /l350/l555/l355;0;27242.33;22701.95;1;http://190.183.223.6/gold/images/hp/T664420-AL.jpg;2025-12-01 21:27:44.336587+00;2025-12-04 17:59:40.772986+00;;26108;Periféricos;Impresoras/Insumos;NO
00376686-d592-4ae3-9f3a-259a915f8cf5;HW-20251201-182744-4070081;CARTUCHO EPSON T673220-AL CYAN P/L800;0;50742.64;42285.43;1;http://190.183.223.6/gold/images/hp/T673220-AL.jpg;2025-12-01 21:27:44.336587+00;2025-12-04 17:59:40.772986+00;;48629;Periféricos;Impresoras/Insumos;NO
7f5ffe79-a0df-4a49-9f8f-02d4284c3d6d;HW-20251201-182744-5860083;CARTUCHO EPSON T673320-AL MAGENTA P/L800;0;50742.64;42285.43;1;http://190.183.223.6/gold/images/hp/T673320-AL.jpg;2025-12-01 21:27:44.336587+00;2025-12-04 17:59:40.772986+00;;48629;Periféricos;Impresoras/Insumos;NO
4c4fcccf-ee12-4106-b15c-ca54743f05b7;HW-20251201-182744-4250082;CARTUCHO EPSON T673520-AL LIGHT CYAN P/L800;0;50742.64;42285.43;1;http://190.183.223.6/gold/images/hp/T673520-AL.jpg;2025-12-01 21:27:44.336587+00;2025-12-04 17:59:40.772986+00;;48629;Periféricos;Impresoras/Insumos;NO
e827ab3b-eddd-4b7d-bcfd-19152331fd7c;HW-20251201-182744-9980129;CARTUCHO Global Electronics 920 AMARILLO HP 920;0;8004.30;6670.27;1;data:image/jpeg;;;;;;;
5a994035-372b-4432-9099-5623aa8406df;HW-20251201-182744-0170128;CARTUCHO Global Electronics 920 CIAN HP 920;0;8004.30;6670.27;1;data:image/jpeg;;;;;;;
612a884a-7650-4179-a1fe-a137073ee021;HW-20251201-182744-8510130;CARTUCHO Global Electronics 920 MAGENTA HP 920;0;8004.30;6670.27;1;data:image/jpeg;;;;;;;
98603a9d-0677-4ed8-8cf5-6a2e71dc78bd;HW-20251201-182744-4810127;CARTUCHO Global Electronics 920 NEGRO HP 920;0;10241.49;8534.53;1;data:image/jpeg;;;;;;;
3a7bdba7-eb5d-4c29-872f-53065ce38031;HW-20251201-182744-7890131;CARTUCHO Global Electronics 932 NEGRO HP 933;0;17338.36;14448.63;1;data:image/jpeg;;;;;;;
968a99b3-3b88-4a57-bb79-52a59ce649f1;HW-20251201-182744-7520133;CARTUCHO Global Electronics 933 AMARILLO HP 933;0;16571.75;13809.77;1;data:image/jpeg;;;;;;;
c53653a0-f3d4-4bc7-8818-05547936eb7f;HW-20251201-182744-5910132;CARTUCHO Global Electronics 933 CIAN HP 933;0;16571.75;13809.77;1;data:image/jpeg;;;;;;;
438343eb-ff0e-4966-aebe-c42aec3ed5f8;HW-20251201-182744-0910134;CARTUCHO Global Electronics 933 MAGENTA HP 933;0;16571.75;13809.77;1;data:image/jpeg;;;;;;;
